AR1_ch1,AR2_ch1,AR3_ch1,AR4_ch1,Delta_ch1,Theta_ch1,Alpha_ch1,Beta_ch1,HFD_ch1,AR1_ch2,AR2_ch2,AR3_ch2,AR4_ch2,Delta_ch2,Theta_ch2,Alpha_ch2,Beta_ch2,HFD_ch2,AR1_ch3,AR2_ch3,AR3_ch3,AR4_ch3,Delta_ch3,Theta_ch3,Alpha_ch3,Beta_ch3,HFD_ch3,AR1_ch4,AR2_ch4,AR3_ch4,AR4_ch4,Delta_ch4,Theta_ch4,Alpha_ch4,Beta_ch4,HFD_ch4,AR1_ch5,AR2_ch5,AR3_ch5,AR4_ch5,Delta_ch5,Theta_ch5,Alpha_ch5,Beta_ch5,HFD_ch5,AR1_ch6,AR2_ch6,AR3_ch6,AR4_ch6,Delta_ch6,Theta_ch6,Alpha_ch6,Beta_ch6,HFD_ch6,AR1_ch7,AR2_ch7,AR3_ch7,AR4_ch7,Delta_ch7,Theta_ch7,Alpha_ch7,Beta_ch7,HFD_ch7,AR1_ch8,AR2_ch8,AR3_ch8,AR4_ch8,Delta_ch8,Theta_ch8,Alpha_ch8,Beta_ch8,HFD_ch8,AR1_ch9,AR2_ch9,AR3_ch9,AR4_ch9,Delta_ch9,Theta_ch9,Alpha_ch9,Beta_ch9,HFD_ch9,AR1_ch10,AR2_ch10,AR3_ch10,AR4_ch10,Delta_ch10,Theta_ch10,Alpha_ch10,Beta_ch10,HFD_ch10,AR1_ch11,AR2_ch11,AR3_ch11,AR4_ch11,Delta_ch11,Theta_ch11,Alpha_ch11,Beta_ch11,HFD_ch11,AR1_ch12,AR2_ch12,AR3_ch12,AR4_ch12,Delta_ch12,Theta_ch12,Alpha_ch12,Beta_ch12,HFD_ch12,AR1_ch13,AR2_ch13,AR3_ch13,AR4_ch13,Delta_ch13,Theta_ch13,Alpha_ch13,Beta_ch13,HFD_ch13,AR1_ch14,AR2_ch14,AR3_ch14,AR4_ch14,Delta_ch14,Theta_ch14,Alpha_ch14,Beta_ch14,HFD_ch14,AR1_ch15,AR2_ch15,AR3_ch15,AR4_ch15,Delta_ch15,Theta_ch15,Alpha_ch15,Beta_ch15,HFD_ch15,AR1_ch16,AR2_ch16,AR3_ch16,AR4_ch16,Delta_ch16,Theta_ch16,Alpha_ch16,Beta_ch16,HFD_ch16
2.1234887235842335,-2.1024621657502216,1.3059828351730638,-0.448148840085318,83688.4274901857,94406.73709003736,59907.822574214406,15907.656303901425,2.018074183096253,2.302354538787589,-2.456870349918574,1.5413843009432708,-0.4972029181826347,169832.7753193636,83032.94179434942,114734.09777170395,24898.044353864276,2.0174133783526704,2.3122803723816983,-2.336511459229476,1.3211479112222648,-0.3965259618899247,153537.09899749304,209738.71552778853,123252.40205297053,29916.517023449614,2.008200483260551,2.162142625140657,-2.1135916910186485,1.2635933461853035,-0.41335358240812825,74437.60842342004,57376.41485731721,51273.86973719563,13059.082766208934,1.9840229354335497,2.322457179079462,-2.508335247168409,1.5902407867999744,-0.5165885210044284,208941.32331113407,123219.51532464188,94676.82048331852,63802.00424245696,2.059000223731566,2.3337895326205023,-2.5070777925095165,1.5520779301974557,-0.5100785538308115,127471.22728932321,117874.89178489304,178033.2725322793,39978.62581584484,2.052546641842535,2.375823453198953,-2.5918239645386025,1.6216644213834817,-0.5203791093777935,147634.5726882873,125666.31527659568,149598.20786717715,47819.152050622775,2.03077589908499,2.348184709556787,-2.4128029348338047,1.3741676301247956,-0.4104805188123776,184231.24144093893,277704.2530635376,154696.8313266665,43155.69964596122,2.0088518948041822,2.0288416631506654,-1.803421255549212,0.9609353596485294,-0.2988910006014393,61762.250176200454,54741.34525986886,49102.499459235434,13277.350211502,2.0131084153936665,2.2848830396392894,-2.3899349043983413,1.4632931979184287,-0.46733874687256466,123556.93252070755,167989.8071690387,133980.99573521756,35953.38371766378,2.0163079774149906,2.2998847843692283,-2.42009989682737,1.4838963741052082,-0.4751898435810603,126396.40470550739,198498.27382094154,156392.4311119533,39625.26557463241,2.018250721454155,2.399826856527675,-2.6675483832683953,1.705350131824004,-0.5565982837703767,185398.0240754503,134827.94691409572,108795.07003713488,58712.847228133556,2.047093030712083,2.32056018606794,-2.425290981628778,1.4399102833304593,-0.46500663001430403,92284.99913195371,215171.01479912858,143836.9930211759,35699.963355010565,2.070706200964063,2.1636665496775787,-2.1366129366206907,1.2833895487443983,-0.4367626484985141,41478.42240682961,85368.19482832069,60291.999897462236,14627.059670928515,2.0600202715569127,2.5176180593137185,-2.783037921971743,1.6746014046361004,-0.5107292622191779,91962.34312792949,558950.1130388253,585974.774845776,45354.73900678011,2.1302192270982383,2.390633356489234,-2.556752311292025,1.5380784585585967,-0.4949595628481788,88881.92795432455,242352.50408937593,380007.7511853434,27248.244406417252,2.0829718111404256
2.207358491509125,-2.364094620864761,1.6142918052577202,-0.5537017929095478,108608.38625960748,47166.59896435957,26872.762820700675,17945.53954865849,2.105992997827904,2.2614304796539884,-2.424018506939268,1.5861804304994382,-0.5134872526286693,190188.43094849828,59294.6916723465,62593.371316320714,26620.057882281748,1.9933458198120253,2.254691822610426,-2.3255888062881267,1.4034271807963024,-0.421924665131715,198553.2740373736,56916.51303226057,36701.240550455375,28247.05219622139,2.0477199442365754,2.1297017206212088,-2.0755557581828374,1.2259886896494014,-0.36094222348193505,186035.612635387,39113.83566712322,28101.61342922225,13000.779163309317,1.9941314000385248,2.2538031959421074,-2.341358079108283,1.4545956570564078,-0.4799617173561331,202059.0576371838,78768.23361458775,86502.72486156973,19614.05172568401,2.0655898417458034,2.2541316963680296,-2.4705562577663196,1.6938991625150024,-0.6060119236554559,95285.57597013656,82964.02107938167,87992.29296328327,30854.718234876207,2.111723536252056,2.292332514867686,-2.5491518301831912,1.7454227867234409,-0.6111948808679473,124879.12761806937,87588.85653580565,95426.31678340003,43778.824158727286,2.086160243709473,2.308912468557247,-2.453550490356587,1.5021882675429028,-0.4523894434986476,206016.72191387502,63911.7255932094,46922.271138143675,38365.04932196812,2.0646021848524208,2.216012294576606,-2.2739148760455024,1.4076447984811788,-0.4357630846012214,175947.24630377794,49727.37042198197,32923.437984456286,13560.235664924572,1.9953109151824002,2.24480145351792,-2.438582048566567,1.6633973409383427,-0.5935022570518032,106642.86586699453,132379.13994546942,73096.75937432364,27115.837068196062,2.042649328074626,2.251799878894489,-2.4469888725650732,1.6584296209499394,-0.5917313540030672,116866.05721966588,151076.48766533873,90023.41641215251,30579.21214808003,2.0336106226476907,2.281220719168486,-2.5372203507493047,1.7456414798815267,-0.6275116007441378,132673.3342476554,145176.5690307105,81742.18621568526,33525.57890849555,2.0973176290520996,2.3099933100575085,-2.4925300261639336,1.5722755054220634,-0.4857062972306759,180030.69948139714,77596.13299334122,49422.11342984331,24710.25281670984,2.0570665336942797,2.2922953004010953,-2.478078783040302,1.6157148133599586,-0.5267585428524808,155332.830437811,61674.50277108579,52042.25115514115,15674.92872128334,2.022387149712219,2.464391046287492,-2.689215250581311,1.616116481611488,-0.4980490388559919,158709.15836980834,180893.31219879066,506431.3859786254,27185.719473031666,2.105189549898141,2.4604400057920692,-2.734434854042491,1.6802205026321573,-0.538826666072691,160373.26934000317,189130.71458381947,350633.7335252645,34938.66285095992,2.13751758600643
2.164374463255765,-2.271032019978753,1.50296075470373,-0.5034420291323634,86233.9433516411,40377.438406881956,67617.67904993134,16830.06541939719,2.06256891870157,2.2689768739290477,-2.481739107230901,1.698769478098668,-0.6019906440581074,158383.40627517505,94740.5652045515,150759.48490859068,37535.0550697922,2.019990986315156,2.2202109268498464,-2.3003464007306547,1.4922222835584709,-0.5134997228429343,179519.75514920327,35798.02804995242,152615.5454200887,14987.651589242803,2.020848640326158,1.994709702478581,-1.7950870057939439,1.0580287770545393,-0.35015236882715256,114947.3701985171,27392.649023723396,68573.864026469,8355.48903616857,1.962295779765358,2.4030120221040696,-2.6435585638396986,1.6633649446127985,-0.517653331186864,396160.56120273075,90753.98196874396,256930.82742382566,65925.75081399866,2.0403601873071056,2.2685607069723024,-2.426673487392334,1.5748816820383746,-0.5412933715273529,218450.60401011724,126814.71422927786,238397.508850981,48426.53053294988,2.0690564933333695,2.3184285325505334,-2.533976812494221,1.6833483212546154,-0.5864632767614057,176030.11137317578,100745.74319389222,255739.4992098987,43073.081650186294,2.051456741726874,2.240434042366756,-2.297291485392255,1.425414192125858,-0.4708611912942725,203637.71870750838,46698.9431649533,216926.85054546685,17753.135318020337,2.022382046558272,2.0045705212430263,-1.7769230802025975,0.9979623125709319,-0.3166884368631435,110917.49849194748,26059.358630443985,66382.96464769608,9834.693862340855,1.9753963370157166,2.315931084143025,-2.515794512876845,1.5918877986155433,-0.5207501048838576,213244.7628420473,78068.95838415065,112561.9112488078,63375.51250770837,2.08502487679119,2.38271804372902,-2.681153131109328,1.751516900346834,-0.5860401655380614,240501.5714645596,88848.67225032426,139926.21271373422,70732.27001132717,2.0873997609625667,2.380135921560856,-2.639573560641561,1.7356416924561515,-0.5793404863550479,273029.58205155475,91450.28654135035,202288.89604822447,53691.26876771415,2.0795019330520836,2.2301714656041884,-2.210268838938009,1.2780837583431435,-0.39295772290771636,190697.3057211058,65572.30758058038,177357.124264096,18893.905193618437,2.03295898517163,2.1679372373015546,-2.1517298671655674,1.3085696055726637,-0.42733125479240114,123258.2548962746,46719.49781237667,89565.02680285549,17430.455047319585,2.0317399419372313,2.5489340572257744,-2.8843984596672207,1.759600934475438,-0.5238976127085235,730442.8613522347,233953.5564442817,727286.4977511162,86917.14757683322,2.0509306270072916,2.4577718249166867,-2.7313508854253956,1.6775110814057093,-0.5353550981305604,140477.360983524,238098.21975596374,869137.1440330087,59168.852535343176,2.0843842422175647
2.1183219754492346,-2.109308745692446,1.273894035613935,-0.41241273404311624,42839.75801546853,31277.456213187947,40746.464342387226,15464.563569683804,2.08582174832776,2.2527204809534878,-2.3560700050066865,1.4552969596689522,-0.44614352438504123,66547.49242919005,76352.21132016815,58312.447273460115,26739.514066070733,2.063205828161597,2.166204529829361,-2.20498957680414,1.3885097197022842,-0.44181001416528853,85906.51601834096,50893.61510580544,33285.17739802532,29850.239858564975,2.0171268939564957,1.977420676055676,-1.8435616690251682,1.1325630591123022,-0.3637744691108409,51754.67181073452,27674.521216454494,22738.288928549995,11923.663087563174,1.9892471459795888,2.3300878977997495,-2.453014579730813,1.4578293144010253,-0.4419339902387692,122843.97331681283,106821.65279771059,186522.93104390043,32540.64130899405,2.0666456656140335,2.3274097119284503,-2.5107875437679628,1.566519778707955,-0.4794437309275025,53275.354036325836,61306.64331083672,63881.861979117064,28376.819996570073,2.0479780677326205,2.3236917471167726,-2.5008698502071804,1.5559820372372415,-0.46778409268210186,69602.64959402967,77645.55733327933,62811.05142499579,41729.69857358718,2.045369883354174,2.2968536448865287,-2.4805501445554055,1.6220146496818226,-0.5345128490362427,112175.65997210573,68654.58239503442,52528.532248870004,37973.79142923073,2.029779923125437,2.060508871808834,-2.0344463053307313,1.3343482191039402,-0.4635084267740219,67381.95250862918,40927.14515646165,20430.86213189217,12674.289532569874,2.004031771151548,2.3028250575365696,-2.4542863767401903,1.517423321048336,-0.48966545630210284,90577.68109849043,70813.43530593191,205439.75603039638,24064.25747151062,2.0675530591488664,2.322695706173089,-2.485817090071557,1.5266949071367826,-0.4937747667609958,102158.98817525015,98372.44147015014,288457.84654341725,29284.38252972254,2.0801835915194284,2.4145414437071127,-2.6572161842820408,1.6459956366383943,-0.49986313923002995,81076.98657815959,131705.7460417065,247074.2150762898,34390.95795116212,2.037530454477797,2.307408015608309,-2.4541334421086654,1.5531057914070863,-0.5226425632736281,156159.24365942646,87335.59314600774,136573.76457321967,29791.048561098396,2.0495257254950805,2.2465232077171455,-2.330691683314797,1.4940976195703934,-0.5191885888723166,163297.25593942762,82288.70981916373,80105.16534189538,18002.006981754097,2.0672567184736867,2.547454634862197,-2.8940225978910776,1.7641934896171343,-0.539160076465668,430807.96531252423,393290.7518435683,1131912.1697296,64497.132191566714,2.115027335952443,2.5228396587055166,-2.783781681442158,1.6395533601538657,-0.4851675029249887,566675.5026827208,242145.03946329124,839082.9438960787,50902.281371707155,2.1236460499156613
2.2124169612709768,-2.327250700948468,1.4880775331987093,-0.5090108899847788,31619.432667687717,41169.63922820204,76525.68383897883,28130.82317775013,2.0805774118928757,2.403954251159501,-2.6437347187929525,1.6259578632858012,-0.496579528707432,53731.431551113434,75757.39100911788,156752.4851618005,57016.130042108845,2.0983085952479748,2.2905101086620365,-2.3632991359787656,1.4045718072162094,-0.4421943267570776,22612.81649627743,209476.4541806564,104828.34489162207,38862.43613315306,2.020423452269084,2.104754434112857,-2.089344294134001,1.2681252788802604,-0.4247278290101846,24404.685266127883,56150.86440553588,102258.59753256058,21067.626803022482,1.9999970984655422,2.4427425338351716,-2.789493631405276,1.831579963785809,-0.5966273718698141,125010.15610840401,93507.45781100281,248637.3857896147,75578.19275282204,2.057548074791612,2.348969836231753,-2.4918782253495353,1.4786930625697015,-0.45360213623955703,35966.11711119911,88315.7851628899,214659.14444837373,60930.316607278975,2.1298122480851043,2.374396378246675,-2.5541550405880917,1.5791069815721321,-0.5030445795998235,38604.00117749862,184915.85092933965,187414.67230681423,54791.96912243288,2.0973858622501904,2.3475054691731714,-2.5125525272350746,1.558888124060656,-0.504637920347733,34953.4415831757,274096.35074067477,131754.14589557672,44143.36288195355,2.024523669254057,2.140429743324296,-2.166350507090625,1.3383148660150366,-0.45362636965884096,28954.663154010363,63307.26130974934,95234.62708614675,23816.135543197706,2.012565111030073,2.3902658134784733,-2.642654258713891,1.6491716612086416,-0.5259415520335778,63761.620288008125,140917.35082651622,142845.22190039686,68473.43859174644,2.093797846707416,2.383850603793873,-2.6501987653241175,1.670493895044006,-0.5426724117080021,75359.182181028,155179.9372504438,209534.4186098702,78034.41763514388,2.0882327821946767,2.371151509770506,-2.599200223038114,1.640860606092769,-0.5273132996769686,45313.10549830187,201178.07120995014,88505.43680754726,57126.03096577927,2.040783009539013,2.2959863845595843,-2.3572014177130622,1.3445224905874882,-0.3931618883838567,61863.48591913734,209966.4187948693,104644.18816055026,58469.49834234168,2.0326760458464705,2.244085455997552,-2.351919631273446,1.4432778851542074,-0.46530964361531646,53186.16694213649,105781.43943276377,91975.6335741435,36247.99860545253,2.056832672378449,2.584525418055422,-3.051375000395503,1.9460629082449212,-0.615337627293995,393312.4280716653,294784.4182978137,1787560.1321878373,180882.8320282323,2.0744269780242304,2.483295093194843,-2.745700226298561,1.6453672042776346,-0.5071137914583596,201360.10571968424,290554.6513311872,772542.431783582,60925.59756403546,2.1042922244761115
2.1169314530006664,-2.1598936336655292,1.4298037914851556,-0.488780684230032,142181.43355515882,37005.55336486443,53225.4412892714,16792.713646267646,1.9363497803628766,2.2389818646010786,-2.3825841951197093,1.5706265594435325,-0.5327572050515105,126567.94212544644,75728.40743500082,96533.1954950123,30780.52634914976,2.0050241386285923,2.2989996577343934,-2.4393164385607675,1.5539156250810808,-0.4766458772779226,248350.15178396247,91472.887572521,49276.13905090223,24742.897758898194,1.9166146307943568,2.163698944021098,-2.112606190886045,1.284775617311485,-0.3966735713330794,147631.60662839972,59415.92608799579,23483.13811275586,12780.149830840228,1.8917937442613901,2.3028913349550244,-2.5115559211116376,1.6617687534776946,-0.5471180024106994,233108.43336220644,96018.84695390746,141946.40178224494,47220.29340407109,2.02309132205048,2.238734559107425,-2.4117289031726745,1.6396879003910554,-0.6011681678546426,88201.91873821964,131252.42360138695,146897.07335195102,24252.638192626822,2.092507045455661,2.269516560659202,-2.4597796140650776,1.6916846546463689,-0.6205679900440411,127191.1850338807,191749.7226539619,179005.0607276487,23274.14434774599,2.0630483191673945,2.328187770709287,-2.504621230618427,1.6092004208278565,-0.499021232403341,274397.3826546321,123532.58781392351,58737.718987856344,30103.911535623978,1.9353140075717206,2.1244607190530416,-2.1259401760963983,1.3959173440267942,-0.46165063789590677,138922.98768521252,66740.64652721374,19904.46955044632,13837.682017194811,1.8957437387362408,2.1777045377851794,-2.3012373524670178,1.554758890940765,-0.5760821253577184,72957.16774118457,86728.9869997486,111885.55570633401,26201.859390407593,2.063331153065523,2.210226048848973,-2.351266575763385,1.5667491988888422,-0.5701786278977061,71657.97388326869,95659.58954224044,124491.74080576572,32970.49210304136,2.076032673309112,2.2402900656289826,-2.4050637083704727,1.649285799522864,-0.602981049356283,84725.37465968521,196459.99257219487,165486.9534956407,31196.579009056615,2.087270252416273,2.2275232243896514,-2.309168213244663,1.4988178456865748,-0.4939159497987955,197201.92469842697,104247.38915579804,20168.659411367065,25112.678723453355,1.939257487483073,2.184703147859709,-2.23645007348122,1.4731275057826856,-0.4951642508117515,162039.70144295075,93740.17380684182,31803.362896895553,18762.39190350684,1.9260591912947884,2.415174810726637,-2.6713038013744184,1.6842308315788148,-0.5637330573815302,85386.0721401855,210659.26869094383,362764.2138005361,40500.19615229833,2.1139360750692684,2.5336019168937938,-2.860466779496774,1.781950704826391,-0.5508106210286372,215731.05138088096,173574.6574047475,597166.3943094135,60130.535546123836,2.0365304293340776
2.0295623040236213,-1.9557154426439989,1.1925508762017243,-0.3648978769307255,130680.66840192207,30647.76816769917,34516.74910698356,22667.362559434,1.9854052008179988,2.11565464865974,-2.0623177810332485,1.2517726431644913,-0.39540248716154136,235629.4717993926,23675.8184694647,73548.0868231762,32050.5253345474,2.013631430315957,2.1245974471677447,-2.199381157702865,1.3603840117072412,-0.46394975226456575,48340.865436845736,53694.85044897775,81040.20777049116,26502.848858879155,2.1267480613553613,2.112715439890284,-2.1662866668383676,1.376781765465048,-0.4597872077002026,37671.478211311434,47955.34446734049,22895.202470702956,14475.577048706456,2.0924937219555195,1.6485381487448745,-0.9001480599898307,0.13061399330763834,0.019842282614840532,440879.2585074251,88577.00996424633,126583.64780439055,43367.302485698005,2.014745845418392,1.9283113034413353,-1.5691720561359113,0.7198346857930034,-0.1885246895066593,268818.16218852694,59399.88836748716,106649.6256164359,41580.34421704048,1.9989596655302395,1.9725631634724152,-1.6578873584053664,0.8027096270291568,-0.22291607497514437,318698.0129144396,41892.57496151171,150857.52344674026,36658.78882155968,1.974331269642497,2.090025997967745,-2.105149444261331,1.2693785169232905,-0.4363014012149914,70665.94201820671,80068.78612558622,103475.1511893415,31922.74680751343,2.1285005828777033,2.0880507771623296,-2.1044518383850805,1.296457665252713,-0.42262832978080245,30607.878123456096,50856.26683425075,18079.23339115005,13441.409996014403,2.1186044265392905,2.1319252310467314,-1.9699745740839465,0.9857156705404991,-0.2388139388786534,204276.83758429892,80330.32658786207,133739.49031030692,39867.251112688886,1.9887784964162925,2.2323690500594546,-2.217278062083296,1.230420285920127,-0.34074271020350877,224970.45559874998,100458.09668929425,172835.50737804527,46251.94782802068,1.9964908100971777,1.991190496475419,-1.5800586405318713,0.6046515060246151,-0.12532010647074485,337429.91981577664,142321.1404412991,222752.0932244823,46504.215711282,2.0028490835110233,2.102324725593241,-2.0562062593837833,1.1747329013146193,-0.3757964902513777,81130.27177455719,103606.34829204554,53658.766470265626,26159.272992241556,2.1173773014805946,1.811506294800435,-1.4890567764211622,0.7446994384037509,-0.2370958941677789,32120.206448694466,70651.24938733298,34431.3533148729,16431.461214660016,2.1205144479764777,1.7934985751116999,-1.1282095283666322,0.23035559500185365,-0.0013695480766789134,374841.66793085274,195608.76424092945,386535.01552766195,55133.52636240722,2.0295922243914024,1.831723309386229,-1.2934970028401662,0.37758499701034465,-0.07202692820457934,59328.21260708882,221197.1630977618,587239.3276218049,35795.8165437499,2.0746817842932352
2.1211185765065106,-2.1632985968486174,1.4109412169805335,-0.5037728233044635,58805.0375501567,35028.1410075626,58087.22873521243,12239.327592823689,2.11303347870818,2.227215855474355,-2.3207181733962097,1.5355386902665806,-0.5301522311609229,166690.18405839184,71052.06018620422,98153.47177614675,22422.729384436112,2.1189517268570683,2.282436192088182,-2.3467970898127772,1.4138517676704572,-0.4425892861884991,101806.74693955794,95640.64964843405,53695.74608672547,25543.61828712492,2.1353648047707883,2.145506952659955,-2.0118543560781563,1.0996476874774377,-0.3174305212104315,46487.58545850305,57010.13337860079,37949.06345358055,17259.108430751206,2.070640593750269,2.337515016938021,-2.5326194207710957,1.6364561380194036,-0.5632772345730991,81463.3751402904,106352.42342396703,154328.4597570495,26086.146506923913,2.1263723694998062,2.3454987528475857,-2.569360898597139,1.689386343538566,-0.5790598988730732,146251.56416145654,96359.51838185686,101377.01113455289,28460.94238619046,2.160536455160913,2.323612174815242,-2.547693000999564,1.741490045221411,-0.6132685397542837,195046.86620973964,117397.04403237031,95184.95714462071,28564.66268426537,2.125802364975289,2.3548789849150644,-2.5322224007521994,1.5937208253212336,-0.5149385932895858,108955.99482521604,124180.95093233047,63774.26381240689,29495.39738400374,2.1475381225653685,2.103011989090909,-1.8754079600371825,0.9438343268050629,-0.2574752850724164,44325.770035701884,71426.40426706578,33892.86811447685,18264.60433752337,2.086060990538211,2.2788039060564604,-2.4467708126104326,1.5853344563760332,-0.5554342122352759,74757.3307985347,81200.00669288429,50765.17933836796,29812.29433773672,2.172598267502205,2.2962520727930125,-2.5032388128838163,1.6528417453701323,-0.5896853648957254,84399.68361665023,109166.80470193026,72516.03439038456,35632.7970361136,2.1655726875034107,2.3371061627966636,-2.5452922716454447,1.6461326817674429,-0.5518725691557211,185430.8011281776,113631.04249506237,89136.09659103093,38670.89870690414,2.1239922508751397,2.3245018709651424,-2.4230426936174387,1.4461886283909007,-0.4374808108025502,97926.37356854309,96703.55166318081,38277.896282672584,31629.036901302155,2.137270277932014,2.214901444226193,-2.144750729476092,1.2158469662989833,-0.362251366735001,119606.5074179981,134769.78518467478,37826.12502133432,23790.95694485334,2.0602701023039947,2.3972975609735947,-2.6815206985522413,1.707565899316489,-0.5810834289422082,122770.7158345638,220171.29978600575,740915.5884767503,101585.45685823768,2.1233555372956845,2.521297769517938,-2.8253261410670345,1.7198778595875677,-0.5289400469385095,143018.20906175658,114283.7956306824,723893.4198585033,45175.30404069465,2.118844043986381
2.0609693754268603,-2.06072660134785,1.338855196096446,-0.4456912684886177,22942.958549553605,68890.55443539446,29199.207492647125,19316.671615777323,2.0341008233854074,2.3075552535001456,-2.532882794552392,1.7479599459640471,-0.6111372819645828,137782.34376079254,308423.2223428386,44464.34816590026,33360.05713298019,2.0134163978481543,2.3314824951449653,-2.523419796478297,1.616426954140241,-0.544061202957751,89518.16594213899,212562.0091272599,191340.22137347574,28050.71881708224,2.051336152309427,2.0673445144622344,-2.009169898595685,1.226590239489855,-0.43715037396429374,27887.35541697529,92244.87768105081,80866.9502374318,17063.05499604327,2.039367774129319,2.356981061979933,-2.469489582530399,1.492707598366337,-0.4493422256570635,439701.73635628703,169813.32870272436,152591.07498200395,39664.02985381894,1.9326619822003832,2.3852942919802267,-2.6372270699765408,1.743182856691095,-0.5792254538955554,137137.97890009184,368120.9659664796,120934.7567324251,55612.77854934014,2.0532306045816062,2.382997366391022,-2.6543565743516866,1.7809555071587253,-0.608271769290029,140410.3970300011,322696.54089521914,185805.59613255446,49901.412645185366,2.084450805886782,2.3603495597238155,-2.5793751982073467,1.647776285117052,-0.5519418213592523,110887.49444861666,256208.56749898498,281103.7930739038,38156.40047071572,2.055957404457034,2.1044623061887404,-2.0800292781683805,1.278561670362606,-0.46439754699334057,26706.48582649022,83008.63590138566,115272.51402244596,19872.097299588684,2.063751968062759,2.335126059529546,-2.550531952835297,1.7001875288882955,-0.5761169085390826,123535.43144246703,241670.89524649686,88272.44643280451,40571.19612623888,2.0725560395298808,2.401196492530752,-2.7051593526393125,1.8423410135402734,-0.6288333219796115,133927.49539097643,262309.4651319202,88844.87745107037,44085.803897337864,2.083936865959506,2.4098318946410164,-2.6882006955909805,1.7640703754409848,-0.5922133713077743,174320.3572653346,277320.21473929833,287666.47146699653,52892.503356828944,2.0738679542540983,2.240592607583775,-2.3243619653058527,1.4252404294457068,-0.4992523245876289,46865.88276829269,134470.968769752,275428.3858526091,32578.230738377206,2.120539325251802,2.128134443492883,-2.126906322931731,1.2869108565677703,-0.46030511045172956,26782.405511489807,64690.02317146508,163857.52714829223,31966.227994796667,2.1237392960531016,2.4680435525968063,-2.7695479972078254,1.7566740879618095,-0.5609093793838582,172288.16873520904,262584.2939586016,180727.97149668934,60240.450374336935,2.1511307177423986,2.4386455121254422,-2.7101624361420336,1.6665106895182367,-0.5433336275020811,35401.5978498383,135928.08071206525,388982.3513900204,41940.56184004035,2.1825013231621493
1.9082350386096947,-1.690429989620261,0.9410493010083435,-0.30821043292772027,56465.57313230568,93576.37015477112,40152.50394801392,19754.215672540504,2.057963505658355,1.9744715447356043,-1.6903881207334188,0.8519367401998277,-0.2213079487998069,155037.93667881863,65027.336695244885,58284.11233155352,23367.234779044396,1.9678061974353103,1.8497844600377773,-1.2727845201803556,0.40492872374271355,-0.1066060168754548,125191.48315978776,129577.25325064336,143614.45533098033,23413.820525938543,2.0326405696993746,1.8900300279599598,-1.5354722523880393,0.7609856703389869,-0.2708537862384059,29049.176892775264,43014.19880776687,31825.53438473014,11375.768482181476,2.156837946860897,2.1661336867831373,-2.038029508059565,1.061770786826416,-0.29030264235393877,415356.1259283704,169152.641786134,119230.10344494667,60818.61793579012,1.957857693968869,2.2738864198102666,-2.362485950481134,1.4557241629892888,-0.47389784472177104,183290.11512154236,165480.48395528155,121922.96661621488,40264.16392154292,2.0299815076714136,2.3197298080703486,-2.4815151636126545,1.574799879804531,-0.5205570407890049,118963.45470227867,139678.71843845182,138005.04593450576,40961.08247365319,2.0598815478917243,2.0099128906974344,-1.6047841344639253,0.6424136672991297,-0.15967860890663624,185229.3819743616,169039.12305408219,213552.2986318828,31872.989874429906,2.032591279461888,2.0314359236576394,-1.8492457165078584,1.0168353539752206,-0.33431842424920094,32071.133722904997,41468.74185826907,39549.42525715808,13495.757940313775,2.138820905527379,1.9888097887143048,-1.704099725270169,0.8105888472138529,-0.23411364535340712,131506.06081787345,253862.11513866205,191235.8290452229,57408.11365066992,2.04032269235115,2.082240889675463,-1.932475361907011,1.023268617477122,-0.3157298820679863,140021.03049929772,268357.7807151788,240196.3929167394,66026.05430212179,2.0676693304420994,2.1753248349023244,-2.102395752194334,1.171480433412058,-0.37762464446971916,158529.79319769057,186360.5131450201,302515.1479297971,53810.53333690927,2.081722555816865,2.376991749818561,-2.508313235298625,1.4630408046492616,-0.4514768885526091,85411.29842234397,144358.8499965226,189356.08728503837,30907.242338934142,2.111049907640159,2.229717288026427,-2.262837778707323,1.3383404366688183,-0.4450420121695193,31534.530703983648,68096.83777913277,125744.66456594315,20798.116719552123,2.1269920380358576,2.165587659103281,-2.073449391516753,1.1036811931703858,-0.35966157277698413,240836.61563468623,345619.69638162653,698387.0472686073,96761.85077537218,2.1647464794948665,2.525956682771391,-2.885251976284923,1.787450096121944,-0.5668634055676555,75967.19839469485,288755.4827028805,874911.7823378881,62205.62429131277,2.1326000379542314
2.214226234971834,-2.3019246779220413,1.4483426703679578,-0.47327270969580193,147687.7487502311,31778.134653719793,73349.72110633433,27007.459439634844,2.0436008223600557,2.0456407518094153,-1.7380968066297622,0.7896826451110234,-0.20168760778410558,240622.91966897453,179688.7244546089,137116.1827795204,49864.975665391394,2.0438608000542993,2.3536930326252246,-2.535967663343868,1.6005839851341512,-0.528534708066927,165193.74496393424,197936.26515476816,178440.2339659842,26585.697428231975,2.0112969034987858,2.063576482010672,-1.9553075357161067,1.1505654894702442,-0.3654721296873641,117979.60234994371,79246.5741607078,58571.107526208936,18988.33112350042,1.9772063423286832,2.1261269190468792,-2.039295381845049,1.175998811323439,-0.3504479004202949,536444.33500986,136063.03674159045,163908.06105966624,59680.545647092236,1.9343248793568932,1.8614797861593892,-1.3506366732251738,0.4683504473274453,-0.12328446977868819,199818.99248199715,212968.7623327708,253092.18840778823,51403.16842896095,2.099932432231214,1.7321180602020838,-1.0625088651914623,0.25158121777350406,-0.05609551950621589,308481.1432439868,271861.55193279136,298835.30604743207,43179.24944807039,2.0524972390847345,2.359059449857977,-2.544409161960783,1.600698685075378,-0.5265105242373014,181623.32998702565,247560.21055156807,226961.57629278587,31883.010249538107,2.0254668635859434,2.1289366893450885,-2.1481620096332827,1.345798878870442,-0.44786642381004127,74087.37021063504,97674.23668806972,47557.644699256,19433.913131121586,2.0325315081630797,2.206748961311572,-2.1733989446852715,1.1972606795788958,-0.35860861819002826,148546.8439869756,115378.18112140261,51384.425007889906,67304.27084595445,2.1101484965882626,2.283804005822417,-2.381498727944162,1.424658378461161,-0.4568949966679239,184388.88896457077,138983.24938405625,62776.11987482203,67089.56616774264,2.107631219064279,1.7897526322483872,-1.1726561029520242,0.3392813745737714,-0.11118975040983618,264349.081607191,349344.59949322464,459424.37088545755,43359.98753821719,2.0559618948531053,2.355005687920626,-2.589204972084494,1.6599096174779229,-0.5605430493657695,96710.28380608183,288330.30916694284,196297.30726115007,43085.072706708874,2.0844108161969723,2.255374467037222,-2.3549565380963173,1.4492237505752819,-0.4755180136777096,100771.65073510492,282623.7755631358,123985.60973031473,42294.012619509725,2.0643093898073794,2.4345873021241435,-2.6512177873702774,1.6029800097484235,-0.5196136579658902,296378.8053107562,405739.0054713272,572525.3031944116,60345.42335349942,2.140941144166254,2.4776821803531806,-2.7500522689148816,1.654536207566041,-0.5115683366518449,279359.56668108713,925771.1676220661,1053969.4932179567,120981.75556364539,2.0587947606400414
2.113824154357534,-2.039642997969545,1.1813963472368816,-0.35004681692827216,98652.03697046617,54647.15156079554,42201.562865686625,24365.316956092985,2.0217967816409597,2.3047000227075483,-2.4180887570319802,1.4971635302271042,-0.47633223777093675,249660.11523507588,222115.72632672038,79683.37601503005,54232.211105458555,2.0344744465664886,2.3192740270078116,-2.3247777621029804,1.3065958854245134,-0.38692508974465856,118171.90345653286,273315.610419912,76042.20610275125,23969.505493163913,2.0253941886264,2.1503133032369224,-2.058182669611959,1.1731925919664838,-0.3673748054164855,83462.56977752087,55964.788580948516,42694.44436536015,15853.261793274587,1.9948339516213525,2.405199595858429,-2.5891342977110807,1.5843581788240932,-0.48112149720728203,133856.57923221163,120998.96705468238,159678.98340828196,44484.512219051336,2.0286386103509675,2.35350180165977,-2.4774909425552916,1.4892364897283954,-0.4637291993334932,263235.8662792138,274376.98613414203,191118.59986231025,46959.71220129563,2.034941978647738,2.444818214110139,-2.697800580891843,1.7150825892578876,-0.5481811810800229,301762.3665611257,400623.0279630627,100364.4650051688,69728.32890630115,2.014464190065051,2.3564176460352475,-2.4092438982545703,1.3777729561088339,-0.41362902515142347,123737.55944749896,343877.5738378826,115888.30474596116,25361.97149149296,2.0401473990924677,2.179711153207535,-2.219101303153848,1.372229942489271,-0.4493533802062815,65711.33046421171,53222.34156182125,48489.93186995295,17694.228492020808,2.0123482760454436,2.2907205433657047,-2.420573955797029,1.5214984790535484,-0.4854342208329334,198495.54338450168,125303.12673198448,123450.82700593337,31091.19252515579,1.9746105614272318,2.3808595914878206,-2.638262171017703,1.7147966071168643,-0.5538557604859229,212985.50758703725,137224.4906980504,156895.150072613,40628.7970054308,1.9899829379177711,2.3858269415773297,-2.559452697476942,1.5874574461250046,-0.5014933485203753,271495.18579994846,367197.9721607184,153868.4133214197,49125.04027016187,2.0001943020608497,2.338783116634053,-2.518583031230973,1.564416445667333,-0.50216539650205,88960.497597983,183426.14997004793,154483.20725888025,29000.51806925357,2.058516619924832,2.14410568631599,-2.160256024471064,1.2938020016938638,-0.4105353839533175,83230.25450585841,81693.01767836975,76375.30851873176,20098.64242291946,2.0502305201182005,2.441957962637288,-2.6698447665749665,1.6135827237320197,-0.5059705819102602,289916.38021588104,234650.14614815696,703531.9022750608,54451.653424443255,2.111340239020463,2.573788349316877,-2.828886132648464,1.6256339313250987,-0.444197220350609,1505035.687947139,615519.3040540875,462936.4464384037,69014.4815165608,2.055312918488071
2.0069751323355587,-1.983006013554922,1.3051796882859226,-0.5026250413261212,22086.716942139188,21264.479044113843,24399.13250390604,8475.550678687943,2.166655378272219,2.203126469142343,-2.336831668108576,1.5746115647248637,-0.5766993723895806,112995.71363233338,49106.80926725645,20071.147567752938,18493.557125314357,2.119236932192165,2.221739870003675,-2.257811995406645,1.3229674471141397,-0.4134867662128155,104050.59619340871,63415.54725984804,62072.07253621137,19140.16282130945,2.0666995185729955,2.02042184475333,-1.9560022067013767,1.1529858266646997,-0.3940993509482479,18713.511316846252,8670.166594946837,25840.747636418007,8017.4870704313535,2.1443793010170697,2.328644701855217,-2.4331987941116546,1.4710165316422315,-0.44609072087739554,215609.26822581684,123003.5519503975,190254.24931260088,21061.45366027712,2.0307249750573644,2.24980960662303,-2.3798025054229823,1.5254616575153293,-0.5454614556120612,108979.37059525875,120866.13894365272,81928.78533285948,23639.626652183815,2.1183562158746785,2.271310480944227,-2.426117381677935,1.589642257704609,-0.5667481578446858,156770.8544817088,111416.19239695555,59438.30717964684,28317.28292193701,2.0918439441496464,2.279086740857965,-2.3237322975646992,1.3093083740060136,-0.375415794960323,128280.69824223872,71741.59698391068,81141.19860539996,23495.55707565476,2.066785892964078,1.9426089582286499,-1.7408849500674641,0.9126198584397404,-0.27330708407821386,24533.0695056596,9714.268527176773,28371.47292631118,8091.10446874517,2.1059829806362846,2.20738550440142,-2.24401962202944,1.3584719024330225,-0.46892438658588115,99393.27777034721,122655.98031348304,317176.06887947395,17569.60884240715,2.0537452670396177,2.2656425318619777,-2.381056138067878,1.475778772637446,-0.5121253182935567,103753.47468740816,152943.6953226985,420431.63055374444,19167.05630989549,2.055712427670178,2.2535351170303053,-2.3251686271177476,1.3847734239371783,-0.44770930707784073,107042.4377943958,89614.6038563104,235029.75322729835,28986.882712916617,2.069636133797503,2.289240938544301,-2.36127910742419,1.3373193665049918,-0.36322541609485365,102651.30393315284,42835.59657328176,48045.23951726911,26732.970559461428,2.0534300835443124,2.2650563583151833,-2.2932187697782984,1.2900121584242714,-0.37218794118606896,65956.28574043319,72362.3275896873,35232.08818329499,21192.616359162002,2.085718809590616,2.410235738125506,-2.6477855844578944,1.649090413362137,-0.555486189869443,158952.4350569587,272694.93379913404,1130874.191810816,30968.624262016518,2.051906750716837,2.4660015063167453,-2.658665953331898,1.5234039199379619,-0.4379361390135509,171299.20317278698,193624.1416530965,363478.93051163136,60725.36692751704,2.1382380538125885
2.1202886632092,-2.164849895856036,1.4042404379442115,-0.4995015717616561,37643.489921633736,50843.98179235475,65524.936822309646,14059.408657747987,2.060321681224752,2.280347196869856,-2.486303909135761,1.6780337248460304,-0.6076483404621355,74717.69856704545,192900.2155572154,230781.71100881233,37283.723263118176,2.065573926233753,2.2740028794287515,-2.3503691838147174,1.4475800099620566,-0.5021343980841685,58725.07387512525,137622.5205989042,261646.11632520027,17245.455233544835,2.064147286711262,1.9901555568164624,-1.818448337147955,1.0312380075831387,-0.34155859940169675,26501.068192525316,49883.86463067956,59578.426680801,11369.179807048318,2.068208391978748,2.2956874498778848,-2.4210580549118013,1.5170117461367305,-0.5057322862135812,134883.26346240347,159340.55598417745,280674.9273799089,28148.56735310184,2.067076366637937,2.2452095711656175,-2.4229752586384787,1.6463505493225472,-0.6260664149474627,71720.28233173024,184407.10828825444,370244.5590946488,21642.786571776527,2.0784573934349453,2.321962805226887,-2.6065763524611256,1.8274532386242848,-0.6848410312158745,140352.66940063308,223389.2427366621,415210.1650943431,24226.574892441207,2.051866851487431,2.2546709377906313,-2.3092134518415444,1.4137068357899774,-0.49192256819825525,61348.316115749345,140821.23260647248,315282.2960037456,20736.110741756078,2.0695929128113595,2.0598510951384825,-1.9774827115408442,1.1779731603054495,-0.3975152032636229,21031.147510655268,56240.08046298058,54126.440407389004,14437.104291772152,2.056429281717584,2.2736223710555916,-2.469253740867893,1.6292555503509354,-0.5701069034233273,33325.62121257401,173516.8354995162,147133.18481610777,24020.40933452431,2.083452085328351,2.260354288804174,-2.4635112188957318,1.6506103226727644,-0.5891367110540352,31676.13845205681,208351.3665431423,174364.8695078772,28465.841738387095,2.0788854693388474,2.2286089809679503,-2.368972013156139,1.597909868007936,-0.5943280219174564,88567.79299443826,184861.06888615128,314852.97075032233,24673.86631099072,2.0701799913848236,2.3086760192936926,-2.4230230308069083,1.4706600461600103,-0.4621349906860836,25814.636791307814,80813.30325118078,157873.71163039817,24104.083312597468,2.0816719034321443,2.1917144712766854,-2.1690522045472815,1.2717023628807136,-0.4042247535477488,20291.29027993937,83251.43750317252,87522.41054372408,20098.13428875962,2.0749648450769067,2.5377975340394645,-2.8267543862064053,1.7020081776002796,-0.506016740990594,154647.75556220446,486640.27905146446,670968.2386954601,61308.19283507383,2.050242594587843,2.5912268100777625,-2.839650302737331,1.6005811098079399,-0.4225160695077631,160048.5638064451,206223.5702390191,784713.7155122146,55641.7564238123,2.053410155379172
2.124076327358429,-2.1656016747639897,1.4498999596084976,-0.5318231041827329,116794.13665531512,43943.97743239658,74341.11026618132,14487.142791518681,2.0545339281076243,2.243492578597728,-2.3997828119823104,1.6236651658313654,-0.5824593069641264,163874.1003574634,74476.7365568022,133765.97657794502,33959.76134011355,2.116961346309087,2.3043931108148827,-2.4248955999846866,1.479001401021756,-0.4718213453376413,95070.03493694417,46083.86328989345,99365.29072449905,26759.359059751012,2.1890983549593805,2.185660391521872,-2.22599680230556,1.3919068187164312,-0.47448563658053977,41348.24790473742,37972.304011390166,42136.33583309673,12179.676243503807,2.1843697880060753,2.3716281379920137,-2.4942702443452447,1.5088040821514905,-0.4747742422242866,340995.79987936624,108207.7960910323,177950.94961101815,18920.509016848624,2.0421453118568,2.371028984500251,-2.5618729347028557,1.6069243189958877,-0.5258506193792076,256047.5391604398,73722.71460672998,280233.0482030509,32451.660445803493,2.1053649765765186,2.3150256462044942,-2.496936509298322,1.633417662734118,-0.5666563789510765,263919.5686055081,99663.96626982864,191096.5746870354,34009.92082269315,2.1275804166587533,2.36318787270565,-2.5671253088623645,1.6022041310728083,-0.5166333178776942,104052.2459964554,51103.67531695882,146428.72529807308,35392.70786036811,2.196079659106244,2.156327121075015,-2.158693240159142,1.3373097372618026,-0.4680095052595346,37828.764505200146,38872.33958106486,53261.541949641454,11781.14498865007,2.197106105743213,2.2585198623334897,-2.414035771651335,1.5880081800935537,-0.5534503449449665,144671.35877487727,81703.66110264439,52393.932485024976,23126.452802181662,2.0555555795165534,2.2016272138334694,-2.3173020529179422,1.5184579345233868,-0.5332607672862556,150698.447662919,90751.01291983576,56297.295570077935,29410.96309400002,2.0600349785184098,2.3343590374628675,-2.536994319937493,1.6907153143430622,-0.5883785044017021,276550.6328078926,98705.0355786005,73827.92624496722,27481.88779108878,2.078909576484723,2.254419816172476,-2.382297733701659,1.5041024147072042,-0.5200751816918766,75185.37254020228,58753.7763666544,87870.6988884483,30122.915252829316,2.1910024729981448,2.1505738864265047,-2.145059800130537,1.313893457937548,-0.4684037532213314,41951.86712017724,46593.56596858408,72823.13458844197,17565.147749737185,2.1679563878472043,2.420298305109077,-2.6266998179651377,1.5649125599849592,-0.48324812311998716,394459.80981740647,200981.3773016119,554361.0372013204,32705.64284054893,2.0994855931896383,2.4177507596192878,-2.6995723896830115,1.7272132939028029,-0.5788383765964712,135006.91211634458,128087.37875278352,486523.49285029434,48197.115352428205,2.13183627400271
2.058359249760983,-2.1097580312178965,1.3788560525256013,-0.5015378593940669,18009.557527710942,21473.676652541166,55841.652928591655,19531.879969276495,2.0985801857929323,2.214736872963012,-2.326370880428833,1.5010807569368787,-0.4883872213178596,174731.08304058973,101908.45843146714,86367.2795889815,41053.27665822103,1.978388998439271,2.1854703142339327,-2.234683387404557,1.4126787789984094,-0.4683779387049694,74085.54912878384,47279.26278757058,21888.174163158237,20255.001754091507,2.0766905257897736,1.9845868640048394,-1.8402915865730411,1.1079969475951288,-0.3772980476113998,38842.35242903636,32634.729894935466,11782.055380046715,9362.191533027453,2.0998326494977992,2.287932973211427,-2.5561910441084783,1.7030967552516851,-0.608550357176676,56483.363582485064,24435.809404117157,173672.71309454652,39197.612347548944,2.137953635896924,2.277582310433518,-2.499038422560089,1.6712980611482808,-0.5922452679406859,95720.87553455408,115355.86592190873,260541.02380294426,34800.37634168861,2.060742440279066,2.2554618549844103,-2.3902689711978,1.5491226661871116,-0.5119867405641705,173191.35780294627,189242.0323176366,135403.25485228325,47836.409525887546,2.0113387097943347,2.1825857650624934,-2.1966648448088226,1.3298438532085939,-0.42169020399804763,85285.11429412986,62222.34571340076,36500.57433739446,27180.41512953868,2.0798123337577534,2.0177789402232236,-1.919191476980357,1.161268842149239,-0.3848698088718913,52011.332916979016,35704.669794807545,16552.930377166263,15069.747390825645,2.0860415908119747,2.1619140189192727,-2.3284109800046364,1.5574087400985435,-0.5604720542924339,46275.25477990603,37442.08958123763,85608.94753003935,34930.47543736408,2.154626557411651,2.2040385845166,-2.420964762092087,1.6422572800300397,-0.6000947696926623,51798.07708651594,47003.20972613594,97333.05664645717,40556.33981637094,2.16718068407803,2.2560601943553973,-2.4538339643827602,1.6173778910736683,-0.5554721862922174,75466.688095949,94164.39854129468,101178.86764042545,38474.13005392186,2.088340179274295,2.1429214093729683,-2.1976266870144747,1.3480308526971578,-0.4407411635802913,33861.41689570416,19495.31099386472,36342.77634719674,29140.253107930406,2.1285402627282806,2.197232262464056,-2.348991492648643,1.5963534564186195,-0.5769858435807698,52766.49030102059,52448.610374980635,27588.996980799184,19874.555500605482,2.1047427670458516,2.440858912724372,-2.7851072540361357,1.79031910957811,-0.6043977284372677,167242.14089183928,90436.90361250045,457091.2981788876,56947.81697489121,2.169379417914646,2.3262056502723145,-2.4487651038802283,1.452821304252472,-0.4755200518583171,74544.0042789414,72049.64472085873,221198.22319304248,28798.490081348173,2.0667173161185275
1.7684965540433182,-1.5800180149988885,1.0079101994626554,-0.33694657752644247,95036.2185778998,11547.655373099635,55415.384367131526,18853.547935346032,2.015831545158204,1.8902759240951743,-1.684419505763114,1.0006107130410398,-0.3434383792371328,127705.87265753374,33780.82216508525,118867.9937253614,26625.14257957043,1.996389474459393,1.9400923740684717,-1.6899093158581269,0.8735726343766604,-0.260815837543869,72070.52401321783,47254.32351206149,85458.60503793575,29789.7959416774,2.1175308880064256,1.6081994957377737,-1.1320672566853505,0.4710845113314057,-0.11649783754847916,37670.5058305088,24462.86245278621,23103.1901296259,17474.618594171876,2.135095789654774,2.2329667011637246,-2.3782943088629165,1.5316278617691368,-0.4963133687007625,139199.7045117676,64717.25843579717,105593.70376883718,46303.32226672669,2.1356476183958226,1.7569726014706655,-1.379161698339496,0.7382633729168278,-0.29205801434336903,120693.33106990243,52415.30392279851,176175.34074779836,37603.349748084176,2.099617123319132,1.726877271422713,-1.3573739918763557,0.7275192569258023,-0.2732539692033046,106846.11945916965,50432.57808288075,112048.46857081988,38967.538518535875,2.0940829315738734,2.0655824853414577,-1.9656027890163106,1.1157624884079351,-0.3603822708651079,73786.22189439797,70172.14686106738,120208.79631093277,37696.37611360207,2.135949792713412,1.6669841436224193,-1.2021065233894297,0.4919303302375999,-0.11550192654985394,35794.93149200968,30217.51136317307,28356.012068098382,21893.127900824307,2.1386736639476016,1.7433140423313003,-1.3077177010983805,0.6548450813809328,-0.23193450452827222,155819.95833728096,91432.66171142996,52914.035422729154,42600.35565866877,2.056069775538832,1.7771428458463308,-1.3788671793097873,0.7034304300694902,-0.23862988850683273,183970.33069556803,110176.30667131294,63034.94930137915,50351.997168921676,2.055121718099604,1.9546003660698668,-1.799443337476228,1.075515477902963,-0.3532501383796105,227121.62277406827,46700.94776386015,110126.33780871701,65285.42366992539,2.0562396659955424,2.245336637945989,-2.300373801151485,1.3574994996417005,-0.4266123653723875,99549.78132035316,112869.53040259905,195998.84058014717,54389.709441635874,2.1096155972950115,1.8955443874077713,-1.533365698575828,0.7062616620355312,-0.19280391361841245,107885.52766875841,88957.81667122903,113985.38958841754,36125.8744810769,2.089039957740363,1.583024166769984,-0.81290861775129,0.09874041276550959,-0.04703837357632526,510368.09643047437,355352.9302060843,942040.1800034574,87173.28627658478,2.123541413170585,1.6515722512586823,-0.8074931274345339,-0.016545942896127153,0.0074961200512565765,423708.68435421237,292780.84281684505,1491605.616559654,69517.39665660051,2.0976203575422097
1.9865905725831343,-1.983124515780464,1.31569474443414,-0.426944763522617,44406.99553658826,30430.556231040067,35087.480330807295,16555.70152236588,2.070292911469441,2.0724756680793903,-2.0865055685689406,1.3343607191336877,-0.42244008130011856,73528.55488014319,52886.372654805455,70452.14188930145,30245.445290992273,2.093895763483075,2.0980816464005803,-2.0013110390526636,1.1886606431675493,-0.3785796906319083,131634.01196807803,63136.66497697129,78446.94109882123,21550.122692476623,2.0846046680307606,2.0490280301886084,-1.9511244294793326,1.1949482273156227,-0.38469378267136267,56113.90152338689,21570.130078624094,30796.87109301472,9620.62130144124,2.057228347764307,2.0808929719162457,-2.0352417766016204,1.2872355786662986,-0.42138466533233443,165291.76147798315,52589.56880589259,100179.6540962781,24495.075130367342,2.071176100672507,1.960808119214997,-1.726685899027828,0.912168986196458,-0.2808529474316718,79542.79351226955,94278.98225644988,115626.04737766724,39797.913149611464,2.1432408986902427,1.8724901677104153,-1.5933257725924714,0.8564215143619724,-0.25572754158894606,85394.0392761692,80861.49760014012,131738.8882932132,44123.158378340944,2.0951450872978716,2.151544809295883,-2.149243909144048,1.3365027150926123,-0.4343282923489941,163918.53285102028,79284.56464311754,104727.65110272613,31314.337295717636,2.074814168819494,1.9891038805773211,-1.8662652498515595,1.1601944409848537,-0.36928879576806994,72077.13122468047,28687.09495450669,31683.481530950186,11550.819402752835,2.0096178172553825,2.0208221034229155,-1.9816161899288467,1.2204456813847158,-0.3945827852780522,37840.44860920962,80412.54053319994,45582.186838114285,30435.39740266364,2.1467592658972916,2.0277101714396855,-2.01336061685329,1.2614933205035312,-0.4132781190509233,53494.7933185891,100323.69589356426,56671.435743980954,37367.42837011069,2.1394901807079525,1.830687705091238,-1.5338583889030422,0.7866364376234799,-0.19902436850307392,118473.03674421048,72059.20248688365,104068.2184818746,55352.95146278157,2.0774253395013633,2.069964286686077,-1.9955966376932905,1.2255138181304306,-0.38512878020015406,218019.73709511303,89242.8237927512,73877.5547175244,25935.560374189718,1.979885570722828,2.086507927060912,-2.0442846642702475,1.2939719598609802,-0.42017642465650434,129948.15179189987,102817.90321422728,44816.29864881831,16867.640287050734,1.9737848901436443,2.1735696633221817,-2.124219713526187,1.226040175408383,-0.4053756821065619,246479.12273219848,430374.40547282953,341059.7632940302,47783.48545432736,2.1059018347104184,2.14196960472278,-1.9775624357706858,1.0471133534912502,-0.3242830319494233,276025.1591101151,395636.73033750174,372947.51202093204,34158.60573832831,2.0417348447581793
2.154383593124371,-2.2645458400597707,1.4691779702875905,-0.4981277275494309,51474.047289340204,67909.65830584394,77915.09161306646,16704.378265111638,2.0296728910267503,2.2921121131829234,-2.531029877279101,1.6731326018641455,-0.5563047865295899,57922.5416633682,154005.18487039633,94073.7590089612,32728.475656943538,2.0718138120888865,2.192284432953946,-2.27579944097042,1.4395359375222698,-0.4585150916210216,55222.819409109856,76333.08784282161,49273.73775790648,24236.09413065449,2.078209703930075,1.9826199575289172,-1.804970051758087,1.0402360410603282,-0.3364639475031034,28175.7572110523,37265.02967841725,32894.45514144897,8923.645579630389,2.0608751408128474,2.2159872109155283,-2.308678906745147,1.4400619749849222,-0.5003086165975422,49946.965592154906,125232.90518818118,204937.16856532803,32067.60907624803,2.125998388286835,2.358033073431049,-2.624457594202628,1.6959035897698578,-0.5604544344620296,61950.161898365746,153069.62428661322,139900.6682227978,39130.531291512554,2.1389154882080477,2.3142645689603456,-2.5503264093165274,1.667581701219355,-0.539347917021739,107020.6556412946,151515.0505053004,71112.52099893164,39425.15614877639,2.1388386203185217,2.159101617168231,-2.2366459174599216,1.4373418169140721,-0.4705941038193853,63641.82567911822,95074.91537591653,56033.24337853931,30095.70611380388,2.0950565765610736,1.982912211104014,-1.8624640717812917,1.1592116245284507,-0.4021484059939914,35188.236220613784,48703.58491470822,32782.82784096748,10626.118415694777,2.075826066662108,2.26523128724829,-2.364335206341013,1.4674859225830916,-0.4894116803138217,88731.11073588162,158329.90677482862,163537.96015096788,35547.85696560493,2.1264751065973013,2.368168936110429,-2.647067186959607,1.7630034175653404,-0.6105882719389629,98635.11708015585,178301.82069798364,207712.9942551424,41027.925405805625,2.1309064073189865,2.308476267870328,-2.4945517610309036,1.5998354961105683,-0.5388389961126486,81783.68842836998,197534.142873594,201918.87969785847,39987.543808880546,2.134492001566399,2.206946457872128,-2.2762387293698096,1.4183801894768067,-0.4773930416848367,70584.16363823437,151106.80025669857,145016.65449165067,26046.830408957514,2.0781592643696616,2.1823746693873183,-2.2156168734577206,1.3873485361630205,-0.48321457494372294,71588.0054077409,116839.70684521165,117496.61109952859,15883.952057164837,2.0745817483856706,2.50732907307884,-2.7964769829750296,1.7039007088375087,-0.5331225725198996,164156.9526654955,383686.817231889,901984.850188977,42216.04261469936,2.138953977320416,2.525218353580193,-2.8105235647532334,1.6933776493690127,-0.5074449636300516,630806.1533734254,490448.00009592384,921397.6425444605,62129.09280541362,2.0650610159489515
2.2133307690771065,-2.4127304463071213,1.6691871546048451,-0.5879107933448507,73750.01800128886,41530.50362332673,48043.278258822946,19749.164483282224,2.091228054169423,2.2635764026741723,-2.4653736938421447,1.6961043111036715,-0.604688103837186,162775.50033848855,127796.43922384619,94851.87706138463,42061.13358982513,2.0415650050264973,2.301610419816507,-2.3141611236750155,1.2812094337776243,-0.35278680459189615,230911.24538030682,100484.70496540863,195775.03579139602,24035.789629463492,1.9673073282047213,2.077044228634869,-1.9216894329033591,1.0309325921755383,-0.2841723226712154,89676.42579750987,51793.2346519235,36385.95959201189,15073.037078710135,2.028559966509077,2.2044132053655647,-2.292442702729767,1.440721486687585,-0.4865441866433704,112649.46684564305,159209.86821654497,163384.48086532307,38394.52702455796,2.047296997793798,2.3276685223429023,-2.5912544800920134,1.7364482008650988,-0.6152511814766324,132578.9725336416,165958.81853737205,304215.1278817244,50656.8640230575,2.0742784785042345,2.358918946544538,-2.629695729830157,1.7685841544203904,-0.6226607176572296,192246.4616729851,239296.26208774798,385843.20380781894,53005.483836949024,2.04446187794276,2.37480452944957,-2.4688547206224767,1.3884447701109495,-0.38384548783865774,241783.98303240832,116785.50424805084,304043.36074363824,29325.638676785125,1.9822764866616616,2.151092264022389,-2.102708295935484,1.2230369278074738,-0.3666384835466635,99526.87936469901,58602.15659525593,48492.53516905592,16683.441162579267,2.0448501580736727,2.2145651192377,-2.3136460597982156,1.4633617128727272,-0.48134095534651955,132943.3141587111,153750.9020060713,79209.99509552524,31951.82899878095,2.05885259715025,2.2756494345604485,-2.463430796474429,1.6060399370482175,-0.5436697520107469,141882.61757804346,205024.50783073908,98678.84676444878,41101.047366577935,2.064273277319339,2.3903443810172127,-2.6953067029012883,1.785631454598445,-0.6243392654933642,196297.1140664429,317735.5619260492,539136.4691895704,61219.2112554092,2.041468801545956,2.322645880874064,-2.3852406350178486,1.3418004942141555,-0.39383391161361314,152254.09589759156,96988.34330267657,260448.2527324671,23703.377783819462,2.023416896287018,2.2880611555900625,-2.339779466106933,1.3477506567012854,-0.3934308312949137,116247.32792985055,81129.7478334129,92365.79357241953,21740.306752216224,2.0649933960907623,2.4920274997687666,-2.7469980868682016,1.6368371340086596,-0.4895671724095758,479088.56566115504,346357.35557535384,447144.1153486976,56440.539099438414,2.072083670620738,2.503367985153619,-2.750478798103979,1.607931718781207,-0.46465694471942304,311280.6656234471,283623.87298725016,413362.67808844434,45904.04949822653,2.0396388852471725
2.0703569195468123,-2.1518732073429434,1.454348084817886,-0.5193857561648959,26993.860424783412,46841.87011343605,73165.17769865545,26303.959447317637,2.019334802974929,2.191076124491578,-2.4059989765043515,1.7033475887117784,-0.6244333872167199,100386.2910463982,74459.02619298754,77653.46369878814,40604.45339738947,2.117690457178851,2.159547121629127,-2.2156858871337817,1.3957556812079759,-0.46148574832151995,77631.55426242106,73132.01602727419,80539.09483685152,23079.077069649615,2.0722221174830135,2.0522448948786396,-2.033877952648625,1.3278844357593038,-0.45832939705826614,41295.87245147926,39524.35047664317,38845.63211134211,9908.9863961335,2.01423585565031,2.3369555835196474,-2.6437555930631436,1.7657219214665392,-0.6297804483904068,93544.3590889359,75322.17093226488,330470.0261423938,56128.44177089976,2.101273956383558,2.2500734883434887,-2.4588343369213055,1.655816353913507,-0.6069985118478411,89010.78510290434,92919.57159220564,309614.8210808805,43609.161032981996,2.094456166748077,2.2261326408983257,-2.4473264058578286,1.7324251656421648,-0.6390163917651067,124224.4426487851,99230.15608311587,104065.50625050027,41151.65452310092,2.1100139754675014,2.22775787168609,-2.363851417147673,1.5205368165677797,-0.5053880316778735,98204.39090405329,91324.50061558493,102625.35085088939,31661.41295039803,2.0706768554948902,2.097867538154638,-2.1484797365555197,1.462281330981096,-0.5245089962370653,50590.82409850274,49263.01037783749,37671.34892662503,11058.347809940276,2.0152330204783544,2.265942031151256,-2.454933145937565,1.598276778477902,-0.5610610720077859,104210.63543429252,62263.56565496172,278957.56640973705,45370.01794835635,2.082272011695641,2.309053070088008,-2.5673783726441406,1.7081461880904878,-0.6038203447070211,124509.52031696819,75894.38743264701,308637.4945992048,52446.812430699385,2.088212404230442,2.26457267000596,-2.467658397208763,1.6397958649883386,-0.5484619509716516,175608.17119542745,124144.75666201618,116703.23629757986,43884.588136973696,2.0471818984149692,2.255034920967929,-2.358310774827881,1.5032310354868552,-0.4917631635567548,138930.3984590005,144211.84165665804,81969.00209456761,23131.40183616674,1.982647921840942,2.1607644940573576,-2.1810152765986452,1.4218447784904773,-0.49506461483265324,139108.48148970556,135633.21167785808,50378.25036998646,15473.022116057073,1.978454810100488,2.4683452997360007,-2.7571895959311545,1.7011855309285238,-0.5390454038494029,262406.06611226976,211817.5232413492,1029345.9029018696,57315.7709942393,2.0845887135553807,2.5413297032109083,-2.8126588631985285,1.6684916650622796,-0.4908979041235004,409809.1711055009,449892.48313683865,674684.5408303667,37765.164085508404,2.064105976609788
2.0742413394806034,-2.1247913628565107,1.3946553329063527,-0.4435285612839695,139111.45382667315,32013.40080594656,49913.438077669285,23516.395943493953,1.9756865674279582,2.2148276955875734,-2.404024619435041,1.6450208145138103,-0.5489265255729006,241989.01711615903,84484.95161558028,47347.42017515038,30296.31869963545,1.947069613436671,2.2222558157685897,-2.227314720106209,1.2720578062622658,-0.3494488264697012,169156.36270607088,53490.22670795098,53595.240376793045,25113.30937914602,1.964073792250456,2.0260475162232265,-1.877608011095565,1.1194280648337316,-0.3167895656304122,167481.28120234283,22900.01787363916,14353.83616085116,9048.225938438176,1.855968132603814,2.2579384198366674,-2.4482888826481544,1.637667123709163,-0.5573210978246291,251854.97689777592,211629.45098905129,124788.60590438238,38284.33972468288,1.9978489080141764,2.273196334520651,-2.5498120480325097,1.7538248383420958,-0.637361300540735,146989.93494058296,146791.11839193682,168403.26145229588,38536.25345772209,2.0316083556721365,2.298336170282682,-2.575017118312724,1.7854348982547668,-0.6229592705732274,267313.81822629296,132984.5495816949,79632.07092419152,32435.946925486667,1.9677630548401752,2.2698129288724345,-2.3292940452112294,1.3510855148969245,-0.37826844496264594,170798.20020875963,54365.52406079221,74171.60805199244,27825.40162041256,1.9829260798817827,2.0066470116035147,-1.7963909302772898,1.0167113975482018,-0.2770728789035966,158691.92523152594,25951.225989907347,14062.614761878227,6887.735833032562,1.8653883751363347,2.1429594450573894,-2.2770682061565566,1.5195801568200562,-0.5347146503687129,87112.84176428524,125050.18235116577,109037.30292735194,33665.35540902618,2.0850103263608966,2.1999600073941084,-2.414412883742282,1.661552971604115,-0.5966248728841013,82789.29849637477,143020.8109033783,113224.2129015649,35674.504540999806,2.087426377749225,2.2401505043147956,-2.503882406888169,1.7691709566825173,-0.674528565770478,106079.86397206741,113072.05001260892,82314.65651246622,23165.551278989595,2.074180005035719,2.285347142352309,-2.327197465192191,1.3437600330302424,-0.39785336974415714,126327.44189543379,47083.621708900384,38507.31518489819,12491.798444981674,2.02937918379975,2.2236189568868556,-2.2085608278016227,1.2904402645042405,-0.3941575090833646,106107.95434349799,51767.00273184473,22241.827772419845,11075.633699676117,2.0516822970669417,2.354404849560274,-2.595645280076035,1.7200538664665113,-0.5865822660098252,324205.75999236153,189226.8388828755,234620.05031872174,45114.233763731,2.078692364427256,2.4247758353577544,-2.5975373376902957,1.4961896304880116,-0.4582089441245737,66093.03303881368,84639.75009690251,192052.58124418985,28295.37897211136,2.212702952273629
2.0652873495884125,-2.0594237133777016,1.3189857075574138,-0.49849703356371644,54685.08056656683,103534.91347925406,116691.55739440277,18535.549592942654,2.044989005765613,1.9063478468488506,-1.6753661798697457,0.9312052355862553,-0.3522872374610077,57225.80189365613,131102.91334193244,179814.20609840896,45002.02534659859,2.1134743401316864,1.9476249153844616,-1.645508035633056,0.7989954404144899,-0.28128239969154806,72062.88322531083,101399.85502130842,211761.1421018275,19426.160715954302,2.1213432590344494,1.6010967774728209,-0.959450750899642,0.2535410974020679,-0.11008504679450502,19093.521944064036,38074.706914579474,90125.76007473958,14297.830473183167,2.138355579801516,1.9836807919282935,-1.7163636890188378,0.8438195395879988,-0.20518015508161377,195215.41251048938,96637.41558939977,109092.05571904482,54958.84252133663,2.134186217467947,2.1092265185096455,-2.0912362760781833,1.2549260429110893,-0.47354930659038824,65075.1824974756,134063.01185716785,332274.4541351032,35194.53634168444,2.1338626308490247,1.8826207089999916,-1.6013132452770358,0.8566754577493468,-0.3545548005496826,72362.96910828118,94049.87885497353,372032.68102175323,40223.52039481042,2.129620780912362,2.0079057116384287,-1.7696644894221718,0.8969178401706689,-0.31166191307708074,85714.43302463746,119733.70754950112,295860.5730753874,25807.755627632934,2.1177152810897475,1.6525779847845288,-1.1420843062396044,0.45245570985219585,-0.18210688685292842,15431.539153068818,35681.695043076696,92239.32303837381,16280.285572099343,2.1353018652946094,1.9911003895059123,-1.7971029514699648,0.9471642249762691,-0.2823409054066374,89190.63065378962,203367.76438165185,60807.97335371635,31362.93746826342,2.078027993383669,2.0816839271000704,-2.007475463681129,1.1312579420091835,-0.34781016808153065,89330.46085381944,195528.60954647977,72846.6103359958,38776.705411779614,2.104453143706123,2.0951216581111467,-2.0304435440496893,1.16244921733786,-0.4068710647358429,96560.78282916738,112691.32354327715,306447.7847606272,47488.68518339315,2.093836934564603,1.890171624829764,-1.5546058808821772,0.7416261976035426,-0.26191893132895233,44724.31806753072,86727.42515212,231600.48749124736,33219.44283324558,2.074992915881514,1.571964495829094,-0.9778306439357723,0.29815482228058765,-0.10159030229565234,21656.985024512913,32678.671981889085,128056.57452602717,27226.498123911944,2.0876612040342417,1.7806980216995163,-1.211346352957019,0.33949795251017606,-0.12452734099693706,76756.47787932222,122534.88977561139,1412872.7516946606,79240.79964610546,2.1353003238188837,2.009982852244063,-1.6932974782263401,0.7602500358939122,-0.24672744654659853,70768.94084334199,270961.06786366506,509036.75407844596,79066.74060321217,2.0870408173121007
2.1221623420543816,-2.139819200616762,1.3305296605653125,-0.4827027697443077,63806.54166419745,50458.385799666,127944.10513808222,22480.3397067854,2.0883235156623003,2.281766390944455,-2.447100010684978,1.5941650178654305,-0.5563886612651388,61064.904947557574,212314.9451757953,160536.77788508683,37744.81205963362,2.035315173704976,2.370906367949867,-2.5179557856788093,1.5144257176054015,-0.48205177679872496,121658.5392564908,175544.2826752111,183695.66360068248,20456.31547954577,2.0491581174906854,2.1213453814068135,-2.0286310600800914,1.1441797752604679,-0.3637641839973194,57780.31511921536,42746.26077227354,52349.73040628065,14398.622556682698,2.0245543131280184,2.3837836998378528,-2.5197021374222115,1.4822545039501174,-0.4306005359891416,183257.65259491716,210780.47544012766,227964.28938683093,71809.64716691834,2.0418605262928726,2.4318834485964893,-2.6862659742699413,1.6582210172612883,-0.5300024577938708,139608.4447225968,309200.3059988951,536510.697246885,66329.64859348384,2.0244075374488646,2.310695448990324,-2.4598402798349315,1.5309773433390295,-0.5161817406028999,122292.20466403452,258286.4419172694,290646.46741567797,57781.92857609223,2.031746650621683,2.383694756928365,-2.543504160315932,1.5254462597126675,-0.48248279425351465,163569.34650416663,204521.8641644742,228073.63259655674,28593.941211782832,2.0533945387984676,2.163522882811323,-2.156643569591546,1.2687171940986275,-0.4010886724323547,60842.78102238146,50054.942742619925,42245.33727378339,18873.469326826813,2.0349189871026083,2.3564325654044898,-2.5217984682383294,1.5324967533683103,-0.47760088293129893,159050.50579849296,265548.768520375,249210.94214720713,67266.65616993519,2.0323959975039245,2.3071902460708587,-2.430192373309056,1.4749581171764254,-0.46939620234962787,164011.23307111353,308940.82872901676,270980.44433301763,79097.41624676684,2.0371445643418187,2.3985631536825776,-2.580122271883737,1.5506909799773718,-0.47177933025685104,246869.9264000196,252727.0893264451,249854.88262746812,87438.5309778256,2.0280862341613974,2.3108996703772853,-2.3816260193838272,1.4000162618963983,-0.4327612340755197,205406.44328693944,167899.71398921413,137059.58301459288,35220.68056524703,2.0283544808395644,2.2439279927674374,-2.288475366185423,1.377577400421136,-0.43090457167798385,131388.7790583016,120624.71986227376,53256.962223423616,26143.363573142688,2.020940365981501,2.461251648975095,-2.601723328928803,1.4764565649844212,-0.42360194047994354,298642.74526686326,748423.7614051881,376189.81770969817,89907.15086793694,2.1015535232800744,2.475181190955166,-2.7231884392743706,1.6700638786055346,-0.5224111799408488,421597.75605049875,424471.54719698057,554070.3045166066,66393.12371236723,2.0951277961439216
1.957378011313325,-1.7420140203645458,0.9861100581624933,-0.3745799371714989,28829.10803700534,70728.32483017887,87705.02542471164,14343.054953819814,2.1176441520234563,1.9875216537879468,-1.781198469209674,0.9928868343954537,-0.3649937832211267,57672.51258840111,189856.9106902662,162050.70104895244,25867.41471816342,2.112105991711395,2.2965232499129415,-2.2715139932995037,1.234083828831208,-0.37346624053766275,85876.70848658335,268276.5902165522,158518.10158247472,31450.011905473617,2.0993954534760184,1.8892441988497677,-1.5477399532021228,0.8179729429128918,-0.3216337857640708,22716.48916768778,92322.60557936403,52083.93458433774,14326.46825105428,2.1151549012804685,2.3539507419935286,-2.560883349157951,1.6045008399436058,-0.5390826842988673,138780.2133764014,218257.47993098112,249780.71009894303,39444.34689820557,2.0899607093913253,1.9464381929068666,-1.5722217841584314,0.7164301362082569,-0.2524135915241802,111529.94303157451,184738.24315034298,204388.05529535792,39378.70135951597,2.1010315827243713,1.8370677449250163,-1.3782565794600192,0.6073774765013779,-0.23260622766293945,90724.28239111681,310251.51493388857,222633.34254888343,44737.56560408722,2.103899998487432,2.331889485885538,-2.333149460255342,1.2588245053640732,-0.3678605209986849,113455.29055151419,332118.6068273388,209229.66600937967,41782.83563716707,2.0978946366599023,1.8721669777096026,-1.507347790788009,0.771493749959375,-0.29953363488443735,23219.103476134627,107583.39526262064,57383.54887584176,17937.62323831258,2.1043820325778935,2.2472276590342126,-2.3442665170354964,1.4593161969274793,-0.5018136193624806,108068.34605999565,181123.73873225204,98829.50328441575,46895.951783186225,2.1327395372314797,2.257170173438529,-2.3930602053769703,1.5259693838061839,-0.5349177422527844,125972.63260714928,226866.80021323345,132349.75726496204,58188.76818380238,2.127396872644824,2.108357957566891,-1.9316395071714962,1.0117739927949034,-0.3479267072212434,151093.52255809563,567324.4671267126,514501.63504955766,66279.61136782974,2.0912708332155323,2.2588210718085486,-2.14211935346511,1.0529866128270844,-0.2857571619558419,71151.0889067364,309973.7443926803,225062.60512909462,43442.388442193296,2.0892287902840416,1.9932914385387397,-1.6197689775062467,0.701852922294144,-0.2059640764930763,36627.01522452705,200457.51642997775,105523.90393272656,18896.55340947777,2.0626534522701014,2.5110955835570246,-2.8858498505171917,1.8469540160963562,-0.6031546336268735,171610.81185043088,635267.6605875606,619168.7809606866,93210.20564174521,2.125287339393936,2.5172594318831774,-2.727700033948384,1.529572935255067,-0.4201068710915437,133410.12335676712,467204.84313645464,766665.7694800368,40586.3953563256,2.0610698444385034
2.093002188342956,-2.1207675751424153,1.3752808780128645,-0.48436252800559915,41431.87667536147,95322.17344605239,31047.377276681676,23794.65365853556,2.1208481053594896,2.300275520034048,-2.5098015181217357,1.674972714309539,-0.5660863882153225,149380.6326046235,134081.39184352348,58346.75606947806,40217.30915551029,2.0705083679490923,2.323858146712289,-2.376045588321894,1.3752157668008431,-0.3988843674348988,154200.2034336527,189030.68571803079,69570.23993726593,29355.47428673762,2.0692926682206787,2.1062078034752014,-2.0864909173895496,1.3016462560542983,-0.42608338200444185,56718.68132491311,46760.39533730218,19066.66185300961,14191.364709883495,2.081310138017146,2.2882025429042825,-2.5380731281204305,1.6777631621329374,-0.590436846095797,64546.97725326475,92754.17706514904,238646.78864315228,47775.2392548755,2.1230712393022766,2.3258686975875946,-2.5136628909773173,1.5807303289607093,-0.5020179676399283,181961.99443970493,118834.42535118923,158313.24543616333,58206.416781083215,2.1022116577066132,2.2681988958950945,-2.4058660232355207,1.5585897988799857,-0.5141082008576789,290461.055635417,169197.4871154686,92307.27607412542,54089.11151742281,2.07343770445867,2.4672554178099513,-2.7331078246017495,1.70398747660441,-0.5144939851009062,171574.17234392348,220664.98957247718,94974.61363702742,44079.62618503306,2.0782523315798236,2.1294843570056643,-2.143334670565474,1.3378043263796562,-0.4368310486221203,53736.66326755233,49937.55475655729,27205.218884967522,18867.464030087318,2.085814886545049,2.250071955980792,-2.3949393809118624,1.515416939001942,-0.5159408520394354,59495.81588724839,134815.21452200986,214739.3646275722,46281.030872159514,2.1361976860077494,2.2695878575702038,-2.45346498538057,1.5800628106940269,-0.5458964678808939,66300.92711376066,156275.86263403785,257983.9293089395,55440.88246888525,2.138720760712,2.3642544481993015,-2.575761397534795,1.65490724089948,-0.5424557659991728,252776.45361293678,308941.59448659123,205553.07066193654,71224.94471335658,2.096255226934299,2.342066905483278,-2.535476667765509,1.6127779126407176,-0.5420085351597391,76492.18076373548,240699.49499176498,165471.97944297976,40580.989021875386,2.077755672295217,2.2776925097748024,-2.432139187325294,1.5539396903016989,-0.5342579281544587,46646.92251606686,103931.60851390084,112049.30668649904,25978.15063498429,2.09111149348379,2.4761987422052587,-2.7767213351171383,1.738808333084369,-0.5620080268701494,178384.49529949029,276786.65988115326,768453.0000621367,64299.036064256645,2.1266133315438105,2.593332418616255,-2.9915555110453522,1.8771595272209116,-0.5787845599769731,113527.15619948973,290195.7327363817,639067.2565991937,67673.3687438463,2.1292271379521583
1.791660659400535,-1.4555185150013872,0.8177032188863975,-0.2547093938674534,124512.85118797637,82897.6433210343,47262.87730304186,25862.684188815045,2.0192308229958287,2.2362658804453597,-2.3365941947799347,1.495992052303325,-0.4873715203101986,164252.81902297513,164466.54340569966,114025.91904413451,54147.788427657135,2.0206912466111957,2.3442873339142367,-2.4408256183893955,1.4527126921674938,-0.444672050266686,93777.04252360716,122647.99702028207,135051.6522716083,20036.69167446111,2.091161579065969,2.031214744762034,-1.8626253213385826,1.080298436971477,-0.33630810470502515,40636.25051756697,38820.37814583282,33560.03955621286,10100.556688013561,2.0680592900300194,2.334155189050967,-2.496810254011748,1.5481747041727298,-0.5057846173965236,30809.89554113003,130214.25399336345,216499.15064173526,30829.80321606989,2.087759108690716,2.3098987909148647,-2.459233650567051,1.5576357900685696,-0.5054395438950153,131310.96210872696,123886.17247407354,223991.18304252045,46613.73011051951,2.0331471173614797,2.167737755566366,-2.140077059899544,1.287068354505281,-0.41083829199900523,168385.19407395055,143547.91306598185,172115.48071077713,53802.69068571126,2.0404830661144566,2.370773242545065,-2.5059334874152945,1.5048926755674286,-0.4624060358676716,118899.83564614548,161947.30492408405,164999.4249339769,24471.79451599328,2.1068280591222686,2.0515188142412333,-1.9334745318828825,1.1472690426734353,-0.3790023185247463,34397.34400236935,48767.326461665165,42057.76097913943,12822.826220232875,2.0896680899772035,2.2825346610858515,-2.424866215011486,1.5782694826513055,-0.5244610042556498,69941.60399006293,87101.81102554711,151105.37598165893,37940.76349770086,2.0501454734947453,2.253419536898015,-2.319987287685386,1.4304008186790729,-0.4551279274488132,89578.65766360442,88864.59992932904,201608.41075051727,43791.715062098054,2.0679914789000855,2.145157813755081,-2.1092188709286295,1.2612674901462517,-0.429187479377641,105929.12439534586,103888.92914896847,226921.95867743916,45999.13845690807,2.097325598843189,2.3750668620506183,-2.597876960361682,1.6152186165178912,-0.5279625787306053,63866.200666514735,118282.0212889414,203029.74903757393,29575.466023210065,2.1252004065677363,2.0861400728107125,-2.0300145226274804,1.2055703326365363,-0.42903725249757113,44743.07853591956,69226.9572398187,118613.156691447,26393.735196224305,2.119901631639736,1.7834580492374832,-1.0392622959242972,0.14015467700823972,0.0014293526878402095,298425.9155785754,175055.88093992232,504455.4228141714,58550.28372834519,2.1345174079348554,2.0677423760918683,-1.697338451711513,0.6974191144061176,-0.20028078520162992,186484.97864615452,172339.71411196783,819166.8251151298,50536.12163747845,2.146856319088433
1.9432416066766383,-1.824385908890305,1.1169463683948264,-0.3901503129883783,43555.507640204676,44948.19668318568,38627.50004234277,22875.670589209632,2.09373062988276,2.1887672664471123,-2.324213389513429,1.5708354421993123,-0.5983799822494099,77074.08466952357,253716.84417873423,217759.53287706265,38946.16735736263,2.11902149134525,2.2610048946743504,-2.442430111616352,1.6299695972821746,-0.5820637628287209,70477.2565612041,150292.05005253042,65794.91833359055,24088.41913430569,2.0972039315799478,1.960180282206544,-1.704063341386957,0.9389163305702476,-0.3001466087158334,48260.252178058654,71032.1808391979,42143.6098664347,12716.160325094985,2.0764689160827294,2.1760469297851865,-2.1968674338885883,1.266822409284195,-0.3770836129348511,336062.105037872,221365.1363745631,228468.27506215108,97536.52489957365,2.021189404414384,2.3311857665647717,-2.5753912141616593,1.7031414670940075,-0.6028239327369134,118566.2408465431,306007.76759192947,261531.498988831,46928.7834982004,2.103847666734129,2.00693288662391,-1.870326054435884,1.1318173696456193,-0.4212853694588208,128339.25217211744,269108.41989308357,285965.1080275992,52282.28253060491,2.093210644217584,2.3012116567075083,-2.5232435634372767,1.676978111626955,-0.5886517243560236,80070.62516728014,185772.7927622322,73445.88123708677,32180.18245037376,2.1056396772111556,2.010786170669932,-1.8871892847027731,1.1489931940634772,-0.3804856928092248,45830.75404609085,74071.69485798922,35436.383348599775,16178.782110700673,2.0927086737802387,2.1823692457554915,-2.2078094454067734,1.3351580618411814,-0.41920770655703815,201672.86734269274,240940.84532759915,157167.07237613306,43075.949878498825,2.005745964902499,2.1945940725433317,-2.21597662434737,1.3158001533863761,-0.4081496062806821,224290.51800421573,280493.8627429798,205774.61621462033,50897.09151323995,2.0143462982618963,2.2028188863189726,-2.2873924487026263,1.4262435613148217,-0.48398442789840596,123640.71353672205,347791.3161934076,201776.93923372333,80229.58004892965,2.069648939271537,2.326631341659787,-2.487200792383089,1.5551159917744268,-0.5038929194864628,131417.9810728461,167723.67511323345,90660.91968691122,39214.67547232855,2.097760234668076,2.2566108666071054,-2.366244105727678,1.5214385203417966,-0.5080603396257266,110135.49723726846,117440.50479101647,69997.55233772713,28631.445222787064,2.062536639975816,2.1124821377874756,-1.8425178207582404,0.8150060361087775,-0.23250190901932186,307293.7649902984,518601.5445205124,1309206.1110951616,76056.07459061497,2.0728076016324026,2.254817801680726,-2.16848550446636,1.1282769825216359,-0.33117027249885156,515211.41612934787,806530.7284628667,893566.569631938,68302.29322369874,2.052565730140019
2.075023448434431,-2.08420206452249,1.4438808299034769,-0.5098455419522812,64292.568490116115,30850.125236989956,21613.40531466058,14172.247702967927,2.066837975754697,2.2258080341214814,-2.346368787815996,1.5785899412211997,-0.5444746888597092,139837.0494307679,121002.59684600671,32471.15338270053,23732.525129688052,2.0517217780763604,2.3465199054729298,-2.484125597434899,1.500568172508841,-0.45431693415530694,88005.59817885623,125146.24120856199,66045.99505233936,33235.01305027959,2.0552578348279273,2.133557709054273,-2.094506279879971,1.306475914242656,-0.431404963702754,66536.63525886268,42562.51243323268,15915.517195364975,11478.141022557325,2.0381679678013658,2.2776918124800756,-2.483791430935224,1.7193797703191156,-0.592179264103838,92455.20962255902,65550.18171331672,41662.38916001317,25864.689008439145,2.0345613368520565,2.3497103620560598,-2.587808504578947,1.7594941364974248,-0.622932088735481,122571.70292799005,272713.3441789021,100189.35487398774,26759.371439700437,2.0636987782775615,2.3074904772155054,-2.514041173088219,1.7454827441853162,-0.6416725300681557,127944.73962768799,412626.7532884769,71099.70482308725,24028.538164587582,2.0615636551697025,2.3796839604217253,-2.5942245985356367,1.6439265845700002,-0.5299446830384286,100350.56498838363,182131.44055098656,115575.25039071978,45391.41334274908,2.0652236601513327,2.142128154722479,-2.166706210364418,1.4355121919245168,-0.5091032537570847,74618.86320955602,50906.93368000516,24224.176760925555,12682.01905041297,2.026047610173269,2.2812506239048695,-2.477046950045368,1.6517164933904982,-0.5714001393038206,81638.09405745546,148438.98395521837,71770.42106061136,33152.49165634462,2.0728822093814085,2.3187521597648084,-2.546887961832545,1.7048146117763026,-0.5922935175352225,107466.6535483575,193517.734138346,93222.02391423118,39019.58474497278,2.067513034663934,2.3782579413742466,-2.642764783250572,1.8067487668207107,-0.6532476118066509,153254.915174808,625353.01332428,124970.69677931599,43989.842106960146,2.0513857300698892,2.224792223773838,-2.3012380317822205,1.4725318639078628,-0.5237405624544199,102838.43823148543,113595.96294212676,136634.09228118055,39384.20325406834,2.0424274703746628,2.2230646871764224,-2.2591126390894276,1.4268619710995212,-0.4845760935678944,157625.81460256272,72533.94114675553,68575.11001062562,24180.732112929967,1.9734771712709733,2.4887071737456457,-2.7896774982719195,1.7881691893550373,-0.5849331421587249,474176.0586569409,293876.1216100034,355074.5508277633,52665.38578034864,2.1070255925695327,2.475929077951727,-2.695922290810029,1.607579639018237,-0.4873703025979028,378324.4657778833,79350.6010651262,415841.0362629334,57919.43947973398,2.062281142543521
1.9263321593656482,-1.7438744221829185,1.013478048967577,-0.26496239476718886,115440.14905602971,34314.49769261014,13846.347159290035,31373.478047532077,1.9659819020563727,2.1373350383836156,-2.1505092504162255,1.4085683402884464,-0.45219827447271543,372080.335430659,65376.686048250354,17690.67994262056,46920.3933089275,1.8650753012759267,2.1858500518456374,-2.178333262246446,1.2902661112981442,-0.39347146600130106,120630.86316349616,46743.11551478755,96149.22145286425,23731.72279958679,2.0190437624143764,2.0224558194523166,-1.9075561674025978,1.1638692643445057,-0.4030134717141027,65377.652970285904,19794.36156456387,60796.381565819866,8056.685013253815,2.031997239166152,2.2840189646907287,-2.4220668877448572,1.545102362086455,-0.520579353649889,219241.86421325873,149315.57174249558,188013.88495749308,56994.76038424729,1.9989744211014924,2.319832913809402,-2.498382668890157,1.6297632105206727,-0.5180672437757088,286680.69175349566,163041.48216819615,97255.70434686755,70866.97593250508,1.9839465395086233,2.2192899490350624,-2.275567452936101,1.4482494931227279,-0.45525149166871126,319432.53970047185,117710.90456505935,33123.09787312224,62692.80598310206,1.9312548436800472,2.2340070147603663,-2.2792933339344845,1.3732743905474123,-0.4265184053465105,150402.48405698466,59270.890217926164,128947.68982250508,27086.72997443396,2.0301845535388683,1.9476212673265192,-1.7762077185860285,1.067810604089417,-0.3687267177267798,70597.46757570295,21446.47133152919,57735.029590639635,8348.305736802562,2.020411042717766,2.316155027193776,-2.4481757953304166,1.5261034119176864,-0.49586481564477963,182195.70182539857,193140.46782984145,292401.7052963612,76098.38687572535,2.025204037559511,2.316436252854424,-2.432132001909609,1.4928041548489368,-0.48301196890029446,205576.45163366763,216011.98502969535,365997.0086840959,86672.65422456495,2.033741390787319,2.271283826345474,-2.353158554771306,1.4716442795334217,-0.4624134583881725,272139.9168954135,163238.91079006466,78762.42889315721,77853.40260310643,1.9563118696767232,2.0655304962994627,-1.875616906208758,0.9648431812358799,-0.27918952177147643,81896.80667737882,59231.904331479,97124.68334506088,26424.682726581974,2.0548419634720116,1.7080636138957366,-1.2160384076808943,0.5484260950245267,-0.20006317074752525,62759.56233344135,56992.21122791994,71385.58776181347,18847.035819655826,2.068375650149296,2.4453017636619117,-2.6527950923717163,1.600393199393201,-0.5027517383369069,406428.3929522502,304976.3682286273,748705.6096518681,77318.96160803811,2.0891030816946357,2.229579422744179,-2.1420877934824376,1.1408871254496218,-0.35166935247607783,142116.90857309612,302589.1870742498,625569.4592390092,55236.51406891006,2.1135267258924517
